Vehicle,Season,Weekday,Hour of Day,Trip Elapsed Minutes,Outside Temp,Inside Temp,Left Temp Change,Wind Level Change,Power Mode,Heading,Fuel,Avg. Speed,Avg. RPM,Left Temp,Wind Level
55107,Summer,True,7.9,4.65,27,28,0.0,2.0,2.0,89.0,87.808,15.8,1302.45,20.0,4.0
55107,Summer,True,17.32,0.13,33,37,-2.0,1.0,2.0,88.0,83.104,0.0,776.0,18.0,2.0
55107,Summer,True,17.68,22.28,31,31,2.0,-1.0,2.0,9.0,81.144,50.45,1536.08,20.0,1.0
55107,Summer,False,10.92,0.82,30,32,0.0,4.0,2.0,128.0,74.48,2.4,1060.0,19.0,5.0
55107,Summer,False,10.95,2.88,30,31,0.0,-3.0,2.0,350.0,74.088,11.76,1318.4,19.0,2.0
55107,Summer,False,11.33,26.67,33,29,0.0,0.0,2.0,59.0,73.696,5.48,989.7,19.0,2.0
55107,Summer,False,14.17,0.87,33,49,0.0,3.0,2.0,273.0,73.304,0.37,845.67,19.0,5.0
55107,Summer,False,14.25,6.03,33,45,-3.0,0.0,2.0,326.0,72.912,3.29,978.53,16.0,5.0
55107,Summer,False,15.08,56.05,36,29,0.0,4.0,2.0,100.0,70.168,69.29,1460.88,16.0,5.0
55107,Summer,False,15.43,77.0,36,27,2.0,-4.0,2.0,85.0,66.64,10.12,1176.69,18.0,1.0
55107,Summer,False,16.68,0.15,36,32,0.0,3.0,2.0,168.0,65.856,1.3,789.0,18.0,4.0
55107,Summer,False,16.87,11.72,36,29,0.0,-2.0,2.0,108.0,64.68,10.94,1250.83,18.0,2.0
55107,Summer,False,18.23,24.7,32,27,0.0,0.0,2.0,273.0,59.976,17.33,1295.06,18.0,2.0
55107,Summer,True,7.75,5.55,26,27,2.0,0.0,2.0,163.0,56.056,7.15,1247.58,20.0,2.0
55107,Summer,True,15.67,6.13,28,29,0.0,-1.0,2.0,358.0,52.136,17.55,1231.23,20.0,1.0
55107,Summer,True,7.55,2.43,24,26,0.0,0.0,2.0,86.0,51.744,7.62,1496.17,20.0,1.0
55107,Summer,True,7.65,13.3,20,23,0.0,0.0,2.0,67.0,47.824,19.8,1220.91,20.0,1.0
55107,Summer,True,9.35,0.17,28,24,0.0,1.0,2.0,120.0,47.432,12.1,1896.0,20.0,2.0
55107,Summer,True,9.42,3.97,23,23,0.0,0.0,2.0,153.0,46.648,16.86,1298.36,20.0,2.0
55107,Summer,True,12.87,42.57,21,30,0.0,1.0,2.0,263.0,35.672,65.6,1598.4,20.0,3.0
55107,Summer,True,10.78,3.53,22,30,-2.0,0.0,2.0,356.0,27.44,3.19,926.0,18.0,3.0
55107,Summer,True,11.42,12.77,22,28,0.0,-1.0,2.0,114.0,26.264,37.12,1364.3,18.0,2.0
55107,Summer,True,11.53,19.8,28,28,0.0,1.0,2.0,111.0,25.872,89.18,1941.71,18.0,3.0
55107,Summer,True,12.02,48.72,29,28,0.0,3.0,2.0,159.0,23.128,53.3,1400.71,18.0,6.0
55107,Summer,True,12.07,51.32,29,27,0.0,-4.0,2.0,164.0,23.128,36.88,1309.93,18.0,2.0
55107,Summer,True,14.47,0.67,29,31,0.0,3.0,2.0,66.0,21.168,1.16,871.86,18.0,5.0
55107,Summer,True,15.08,38.07,29,23,2.0,-4.0,2.0,247.0,19.6,11.94,1443.18,20.0,1.0
55107,Summer,False,5.43,1.67,25,25,0.0,2.0,2.0,105.0,77.616,12.1,1460.5,20.0,3.0
55107,Summer,False,7.52,0.97,24,29,-2.0,-2.0,2.0,9.0,72.52,0.0,834.5,18.0,1.0
55107,Summer,False,8.52,1.48,24,31,0.0,4.0,2.0,192.0,70.168,0.0,864.33,18.0,5.0
55107,Summer,False,9.83,1.3,24,32,0.0,2.0,2.0,67.0,68.992,7.9,1248.88,18.0,7.0
55107,Summer,False,10.18,21.82,24,28,0.0,-5.0,2.0,328.0,68.208,28.47,1361.0,18.0,2.0
55107,Summer,False,10.25,26.48,24,28,2.0,-1.0,2.0,338.0,67.816,38.72,1387.2,20.0,1.0
55107,Summer,False,16.58,37.18,24,27,1.0,0.0,2.0,141.0,61.936,0.52,915.28,21.0,1.0
55107,Summer,False,17.72,104.48,28,27,0.0,0.0,2.0,347.0,53.704,42.75,1396.14,21.0,1.0
55107,Summer,True,14.27,4.45,24,30,-1.0,0.0,2.0,3.0,37.632,3.51,979.22,20.0,1.0
55107,Summer,True,16.15,57.73,24,30,0.0,1.0,2.0,328.0,31.36,40.6,1286.42,20.0,2.0
55107,Summer,True,16.83,2.05,24,27,0.0,0.0,2.0,357.0,29.4,1.54,941.0,20.0,2.0
55107,Summer,True,17.43,1.15,24,28,0.0,-1.0,2.0,175.0,29.008,5.63,1018.0,20.0,1.0
55107,Summer,True,16.73,7.32,28,30,0.0,-1.0,2.0,324.0,92.512,0.0,876.71,19.0,1.0
55107,Summer,True,16.77,9.73,28,29,0.0,1.0,0.0,324.0,92.512,0.0,797.61,19.0,2.0
55107,Summer,True,16.87,15.55,28,29,3.0,-1.0,2.0,324.0,91.728,0.0,801.24,22.0,1.0
55107,Summer,True,16.93,19.32,28,29,0.0,0.0,2.0,324.0,91.336,0.0,877.77,22.0,1.0
55107,Summer,True,17.43,11.92,28,29,0.0,0.0,2.0,324.0,90.16,0.0,878.3,22.0,1.0
55107,Summer,True,18.02,5.65,28,29,0.0,-1.0,2.0,324.0,90.16,0.0,876.76,21.0,1.0
55107,Summer,True,18.13,12.68,28,30,0.0,0.0,2.0,324.0,90.16,0.0,784.8,21.0,1.0
55107,Summer,True,18.22,17.77,28,29,0.0,0.0,2.0,324.0,90.16,0.0,820.29,21.0,1.0
55107,Summer,True,18.35,25.85,28,30,0.0,1.0,2.0,82.0,89.768,3.26,891.9,21.0,2.0
55107,Summer,True,18.93,60.8,24,26,0.0,0.0,2.0,264.0,85.064,71.62,1540.94,21.0,2.0
55107,Summer,False,16.53,16.88,27,30,2.0,-1.0,2.0,121.0,79.184,68.56,1547.22,21.0,1.0
55107,Summer,False,17.28,62.03,27,28,-1.0,2.0,2.0,157.0,75.264,17.09,1155.25,20.0,3.0
55107,Summer,False,17.32,64.47,27,27,0.0,-2.0,2.0,217.0,75.264,9.72,1155.0,20.0,1.0
55107,Summer,False,17.95,15.08,26,27,0.0,0.0,2.0,334.0,74.872,31.71,1287.75,20.0,1.0
55107,Fall,True,7.88,9.6,22,23,0.0,0.0,2.0,57.0,50.568,16.8,1223.19,19.0,2.0
55107,Fall,True,17.37,41.18,26,25,0.0,0.0,2.0,336.0,46.648,17.43,1315.65,19.0,2.0
55107,Fall,False,8.9,6.97,26,24,4.0,0.0,2.0,69.0,44.688,51.59,1620.32,23.0,2.0
55107,Fall,False,11.43,8.08,27,32,-3.0,2.0,2.0,338.0,32.928,9.14,1047.33,20.0,4.0
55107,Fall,False,19.08,5.75,25,27,0.0,0.0,2.0,168.0,28.616,20.93,1217.57,20.0,4.0
55107,Fall,True,15.7,1.82,30,33,0.0,2.0,2.0,195.0,85.456,17.32,1466.67,20.0,4.0
55107,Fall,True,17.43,5.22,29,28,0.0,0.0,2.0,356.0,83.888,15.99,1227.8,20.0,4.0
55107,Fall,True,7.4,2.95,26,26,0.0,0.0,2.0,161.0,82.712,8.5,1402.67,20.0,4.0
55107,Fall,True,18.55,9.98,29,26,0.0,0.0,2.0,356.0,77.224,21.35,1278.52,20.0,4.0
55107,Fall,True,7.48,15.3,25,28,0.0,-2.0,2.0,172.0,76.44,18.75,1335.72,20.0,2.0
55107,Fall,True,17.02,1.23,24,27,0.0,0.0,2.0,79.0,74.48,26.6,1589.2,20.0,2.0
55107,Fall,True,16.8,10.17,21,27,0.0,0.0,2.0,43.0,72.52,24.44,1153.67,20.0,2.0
55107,Fall,True,12.85,0.03,25,27,0.0,-2.0,2.0,238.0,68.992,1.2,825.0,20.0,2.0
55107,Fall,True,16.8,5.72,25,28,0.0,0.0,2.0,268.0,65.464,20.62,1317.29,20.0,2.0
55107,Fall,False,9.13,5.32,25,27,0.0,0.0,2.0,204.0,63.504,40.85,1581.8,20.0,2.0
55107,Fall,False,13.12,4.45,26,36,0.0,3.0,2.0,76.0,58.8,6.82,1059.91,16.0,6.0
55107,Fall,False,13.28,14.33,26,32,0.0,5.0,2.0,2.0,58.016,24.85,1369.42,16.0,7.0
55107,Fall,False,13.33,16.58,26,31,0.0,-2.0,2.0,346.0,58.016,30.58,1215.25,16.0,5.0
55107,Fall,False,13.53,28.73,28,28,0.0,-2.0,2.0,5.0,56.84,68.44,1573.74,16.0,3.0
55107,Fall,False,15.2,13.98,33,31,1.0,1.0,2.0,293.0,52.92,50.07,1299.89,16.0,4.0
55107,Fall,True,9.22,17.53,22,25,2.0,-3.0,2.0,27.0,49.0,22.06,1523.67,18.0,1.0
55107,Fall,True,17.48,51.5,24,25,0.0,0.0,2.0,298.0,33.712,10.64,1114.41,18.0,1.0
55107,Fall,True,6.47,0.18,22,23,0.0,0.0,2.0,125.0,98.392,0.0,1010.0,18.0,1.0
55107,Fall,True,6.83,21.73,23,25,7.0,2.0,2.0,292.0,96.432,73.13,1831.72,25.0,3.0
55107,Fall,True,6.95,28.63,23,26,0.0,0.0,2.0,275.0,94.864,109.2,2232.09,25.0,3.0
55107,Fall,True,7.83,81.45,23,28,0.0,0.0,2.0,317.0,81.144,110.65,2260.0,25.0,3.0
55107,Fall,True,8.02,93.17,23,25,-3.0,-2.0,2.0,315.0,80.752,12.09,1358.22,22.0,1.0
55107,Fall,True,10.27,1.5,22,29,0.0,1.0,2.0,268.0,62.328,22.63,1367.0,21.0,2.0
55107,Fall,True,11.32,1.55,22,33,-2.0,2.0,2.0,255.0,59.976,6.18,1047.0,19.0,4.0
55107,Fall,True,14.27,11.87,26,28,0.0,-1.0,2.0,266.0,55.664,11.15,1083.68,19.0,3.0
55107,Fall,True,14.92,51.58,26,24,0.0,-2.0,2.0,358.0,54.096,1.0,908.94,19.0,1.0
55107,Fall,True,16.08,1.57,26,29,0.0,3.0,2.0,102.0,52.92,22.45,1214.5,19.0,4.0
55107,Fall,True,16.18,7.22,26,28,0.0,-2.0,2.0,345.0,52.136,37.54,1263.89,19.0,2.0
55107,Fall,True,17.15,3.93,25,28,1.0,0.0,2.0,166.0,51.352,41.05,1431.5,20.0,2.0
55107,Fall,True,10.27,1.57,24,33,0.0,2.0,2.0,3.0,50.176,14.6,1130.67,20.0,4.0
55107,Fall,True,10.43,10.88,24,30,0.0,-2.0,2.0,182.0,49.392,42.78,1358.92,20.0,2.0
55107,Fall,True,10.67,25.07,26,30,0.0,2.0,2.0,166.0,47.824,74.52,1634.55,20.0,4.0
55107,Fall,True,11.02,45.85,24,27,0.0,-2.0,2.0,64.0,42.728,81.14,1709.94,20.0,2.0
55107,Fall,True,11.2,57.47,25,26,3.0,0.0,2.0,118.0,40.768,103.32,2113.89,23.0,2.0
55107,Fall,True,11.38,68.6,25,27,0.0,-1.0,2.0,115.0,37.632,101.5,2083.88,23.0,1.0
55107,Fall,True,11.85,96.67,26,28,-2.0,2.0,2.0,135.0,32.928,94.55,1929.0,21.0,3.0
55107,Fall,True,11.98,104.52,26,27,2.0,0.0,2.0,120.0,30.184,86.45,1807.11,23.0,3.0
55107,Fall,True,12.62,141.98,27,28,-2.0,0.0,2.0,126.0,26.656,70.52,1712.79,21.0,3.0
55107,Fall,True,12.72,148.42,26,29,0.0,-1.0,2.0,145.0,26.264,61.71,1455.03,21.0,2.0
55107,Fall,True,14.65,5.87,25,31,0.0,-1.0,2.0,179.0,14.896,3.78,865.85,21.0,1.0
55107,Fall,True,16.28,1.6,22,23,0.0,0.0,2.0,345.0,93.688,7.38,1125.75,21.0,1.0
55107,Fall,True,18.07,20.18,24,30,0.0,2.0,2.0,331.0,83.888,60.13,1483.15,21.0,3.0
55107,Fall,True,18.17,26.82,24,29,0.0,0.0,2.0,41.0,83.496,45.07,1448.85,21.0,3.0
55107,Fall,True,21.0,15.78,25,31,0.0,-1.0,2.0,4.0,80.752,27.28,1188.0,21.0,2.0
55107,Fall,True,10.3,24.95,19,25,0.0,0.0,2.0,53.0,69.384,5.29,980.05,21.0,2.0
55107,Fall,True,13.22,25.62,25,27,0.0,0.0,2.0,356.0,61.544,13.92,1161.87,21.0,2.0
55107,Fall,True,16.62,0.37,25,31,0.0,0.0,2.0,162.0,61.544,12.5,1943.0,21.0,2.0
55107,Fall,True,17.7,3.53,22,27,0.0,0.0,2.0,347.0,56.056,27.52,1343.3,21.0,2.0
55107,Fall,True,16.07,32.63,20,29,0.0,-1.0,2.0,157.0,54.096,72.72,1488.78,21.0,1.0
55107,Fall,False,16.02,52.17,25,28,0.0,1.0,2.0,154.0,27.048,24.3,1341.77,21.0,2.0
55107,Fall,False,16.32,69.88,24,27,0.0,0.0,2.0,77.0,25.872,15.92,1191.8,21.0,2.0
55107,Fall,False,16.97,108.45,24,29,2.0,-1.0,2.0,270.0,21.56,54.93,1447.26,23.0,1.0
55107,Fall,False,17.02,111.28,23,29,0.0,0.0,2.0,358.0,21.168,58.53,1474.96,23.0,1.0
55107,Fall,False,18.75,57.65,25,30,0.0,2.0,2.0,117.0,99.568,50.19,1335.61,23.0,3.0
55107,Fall,False,19.42,97.53,24,28,0.0,0.0,2.0,338.0,97.216,28.85,1217.5,23.0,3.0
55107,Fall,False,19.62,109.57,24,29,0.0,-1.0,2.0,276.0,96.432,31.54,1418.92,23.0,2.0
55107,Fall,True,16.28,0.7,21,29,0.0,0.0,2.0,25.0,83.496,10.55,1153.5,23.0,2.0
55107,Fall,True,13.4,10.23,22,26,1.0,-1.0,2.0,89.0,80.36,40.69,1410.76,24.0,1.0
55107,Fall,True,13.47,13.42,22,25,0.0,0.0,2.0,94.0,80.36,39.11,1419.38,24.0,1.0
55107,Fall,True,16.72,1.37,30,26,0.0,0.0,2.0,155.0,79.576,4.65,1065.0,24.0,2.0
55107,Fall,True,10.18,0.77,20,24,0.0,0.0,2.0,43.0,74.088,11.1,1378.0,24.0,2.0
55107,Fall,True,18.77,4.97,20,24,0.0,0.0,2.0,267.0,72.128,27.34,1356.6,24.0,2.0
55107,Fall,True,12.8,12.13,21,25,0.0,0.0,2.0,180.0,70.952,7.51,1022.61,24.0,2.0
55107,Fall,False,19.5,58.98,21,26,0.0,0.0,2.0,245.0,53.704,38.38,1377.5,24.0,1.0
55107,Fall,True,11.8,1.58,19,28,0.0,1.0,2.0,332.0,37.632,12.18,1248.5,24.0,2.0
55107,Fall,True,14.2,1.73,21,29,0.0,0.0,2.0,183.0,35.672,23.4,1450.5,24.0,2.0
55107,Fall,True,14.33,9.47,19,29,0.0,0.0,2.0,0.0,34.888,25.07,1306.07,24.0,2.0
55107,Fall,True,7.45,0.95,9,8,5.0,0.0,2.0,88.0,72.52,0.85,1060.0,25.0,2.0
55107,Fall,True,7.67,14.37,9,13,0.0,0.0,2.0,165.0,70.952,18.1,1236.8,25.0,2.0
55107,Fall,True,19.1,6.28,13,20,-2.0,1.0,2.0,337.0,68.208,38.4,1369.67,25.0,3.0
55107,Fall,False,12.25,6.12,20,21,-8.0,1.0,2.0,170.0,59.976,20.32,1394.04,19.0,4.0
55107,Fall,False,12.53,23.1,24,25,0.0,-2.0,2.0,177.0,56.84,92.72,1999.5,19.0,2.0
55107,Fall,False,13.48,79.8,24,25,1.0,1.0,2.0,330.0,52.92,73.65,1719.29,20.0,2.0
55107,Fall,True,7.47,12.65,11,15,0.0,0.0,2.0,180.0,42.336,15.58,1381.53,20.0,2.0
55107,Fall,True,7.82,0.3,2,3,9.0,,2.0,37.0,42.728,0.0,815.0,25.0,3.0
55107,Fall,True,7.92,6.32,2,7,0.0,0.0,2.0,143.0,41.944,19.44,1309.38,25.0,3.0
55107,Fall,True,18.82,3.03,7,13,-5.0,-1.0,2.0,137.0,38.416,17.3,1159.22,24.0,2.0
55107,Fall,True,7.55,0.05,5,5,0.0,0.0,2.0,232.0,36.064,0.0,1205.0,24.0,2.0
55107,Fall,True,14.0,15.05,5,20,0.0,0.0,2.0,359.0,33.712,13.1,1230.69,24.0,2.0
55107,Fall,False,11.18,1.1,7,17,0.0,3.0,2.0,88.0,28.224,11.0,1284.67,24.0,5.0
55107,Fall,False,15.93,0.85,6,17,0.0,3.0,2.0,82.0,76.048,0.95,868.0,24.0,8.0
55107,Fall,False,15.97,2.92,6,17,0.0,-6.0,2.0,82.0,76.048,0.32,873.33,24.0,2.0
55107,Fall,False,21.82,0.72,9,10,0.0,3.0,2.0,13.0,74.872,10.3,1467.5,24.0,4.0
55107,Fall,False,21.98,10.5,7,16,0.0,0.0,2.0,250.0,74.48,34.43,1288.58,24.0,4.0
55107,Fall,False,18.23,4.65,10,15,0.0,-2.0,2.0,69.0,70.168,0.29,752.58,24.0,2.0
55107,Fall,False,18.33,10.45,10,18,-1.0,-1.0,2.0,177.0,69.776,13.71,1172.41,23.0,1.0
55107,Fall,False,19.58,85.73,9,27,2.0,0.0,2.0,62.0,61.544,17.02,1312.35,25.0,1.0
55107,Fall,True,18.53,7.97,12,21,0.0,0.0,2.0,290.0,45.472,17.02,1271.76,25.0,1.0
55107,Fall,True,7.83,12.77,9,15,0.0,0.0,2.0,166.0,44.296,16.98,1271.0,25.0,3.0
55107,Fall,True,18.77,0.58,11,17,-5.0,-1.0,2.0,224.0,40.376,22.3,1360.0,20.0,2.0
55107,Fall,False,12.48,5.78,12,24,-4.0,-3.0,2.0,157.0,29.792,17.76,1410.53,19.0,0.0
55107,Fall,False,12.53,8.2,12,24,0.0,0.0,2.0,259.0,29.792,24.85,1430.05,19.0,0.0
55107,Fall,True,7.53,1.18,10,9,5.0,3.0,2.0,84.0,28.224,5.17,1096.0,24.0,3.0
55107,Fall,True,7.73,13.22,10,14,0.0,0.0,2.0,166.0,27.048,22.74,1334.32,24.0,3.0
55107,Fall,True,14.58,3.3,14,17,0.0,1.0,2.0,100.0,86.632,36.35,1326.09,24.0,3.0
55107,Fall,True,14.77,13.57,14,20,0.0,0.0,2.0,288.0,84.28,25.13,1221.67,24.0,3.0
55107,Fall,True,16.45,0.02,12,18,0.0,0.0,2.0,302.0,53.312,16.3,1610.0,24.0,3.0
55107,Fall,True,7.65,0.13,6,7,1.0,2.0,2.0,311.0,52.92,4.6,1585.0,25.0,5.0
55107,Fall,True,12.3,4.85,7,19,0.0,0.0,2.0,249.0,50.96,33.31,1450.93,25.0,5.0
55107,Fall,True,19.47,2.47,5,10,0.0,0.0,2.0,281.0,50.176,22.87,1558.6,25.0,5.0
55107,Fall,True,7.05,2.17,1,2,3.0,0.0,2.0,161.0,49.0,11.31,1357.75,25.0,5.0
55107,Fall,True,14.27,9.53,5,20,0.0,0.0,2.0,319.0,45.472,28.3,1311.48,25.0,5.0
55107,Fall,False,16.3,6.73,14,17,0.0,0.0,2.0,343.0,41.552,23.06,1418.12,25.0,5.0
55107,Fall,False,17.2,1.93,14,18,0.0,0.0,2.0,162.0,40.768,6.92,1282.0,25.0,5.0
55107,Winter,False,18.05,3.72,10,13,0.0,0.0,2.0,86.0,69.384,7.0,1095.73,25.0,5.0
55107,Winter,False,18.12,7.97,10,14,0.0,0.0,2.0,106.0,69.384,13.92,1077.32,25.0,5.0
55107,Winter,False,18.4,25.63,10,17,-6.0,-4.0,2.0,144.0,67.424,21.65,1227.42,22.0,1.0
55107,Winter,True,7.63,2.48,6,7,-4.0,0.0,2.0,78.0,20.384,5.32,1156.83,18.0,1.0
55107,Winter,False,15.48,2.2,7,12,6.0,3.0,2.0,160.0,74.48,10.55,1354.63,24.0,4.0
55107,Winter,True,7.57,7.08,6,10,0.0,0.0,2.0,159.0,57.232,11.78,1176.41,24.0,1.0
55107,Winter,True,8.23,5.68,6,8,0.0,3.0,2.0,159.0,47.432,18.38,1286.07,24.0,4.0
55107,Winter,True,16.45,13.37,7,21,-2.0,-3.0,2.0,219.0,42.728,19.87,1292.36,22.0,1.0
55107,Winter,True,18.98,18.72,7,23,1.0,0.0,2.0,339.0,33.712,33.79,1280.96,23.0,1.0
55107,Winter,True,19.88,72.87,7,26,0.0,0.0,2.0,277.0,29.008,28.4,1223.48,23.0,1.0
55107,Winter,True,21.15,3.13,7,20,1.0,1.0,2.0,90.0,29.008,4.89,961.43,24.0,2.0
55107,Winter,True,21.22,6.93,7,22,-4.0,-1.0,2.0,336.0,28.616,12.02,1224.65,20.0,1.0
55107,Winter,False,16.57,0.1,6,14,3.0,0.0,2.0,24.0,73.696,0.0,840.0,23.0,1.0
55107,Winter,False,23.33,21.3,3,23,0.0,0.0,2.0,223.0,70.952,26.72,1327.93,23.0,4.0
55107,Winter,False,10.07,32.37,4,11,0.0,0.0,2.0,169.0,69.384,7.8,1268.22,23.0,4.0
55107,Winter,False,10.18,39.07,4,12,0.0,-2.0,2.0,169.0,69.384,2.99,917.76,23.0,2.0
55107,Winter,False,10.43,54.08,4,19,-3.0,-1.0,2.0,117.0,67.424,38.92,1380.72,20.0,1.0
55107,Winter,False,10.85,78.62,7,22,2.0,1.0,2.0,337.0,61.936,76.37,1681.05,22.0,2.0
55107,Winter,False,16.13,7.32,6,18,0.0,0.0,2.0,322.0,49.0,14.38,1133.92,22.0,2.0
55107,Winter,False,16.53,31.03,6,22,0.0,1.0,2.0,352.0,46.648,90.26,1844.15,22.0,3.0
55107,Winter,False,16.6,35.03,6,22,0.0,-1.0,2.0,269.0,45.864,88.29,1819.3,22.0,2.0
55107,Winter,False,16.67,38.7,6,23,0.0,1.0,2.0,228.0,44.688,94.2,1940.8,22.0,3.0
55107,Winter,False,16.77,44.85,6,24,0.0,1.0,2.0,260.0,43.904,101.2,2073.66,22.0,4.0
55107,Winter,False,16.8,47.1,6,24,0.0,0.0,2.0,336.0,43.12,97.25,1991.39,22.0,4.0
55107,Winter,False,16.85,50.48,6,24,0.0,2.0,2.0,338.0,42.336,87.38,1855.25,22.0,6.0
55107,Winter,False,17.1,65.02,6,25,1.0,1.0,2.0,344.0,41.16,31.05,1391.0,23.0,3.0
55107,Winter,False,17.3,77.18,6,25,1.0,0.0,2.0,356.0,39.2,70.76,1539.57,24.0,3.0
55107,Winter,False,18.57,3.73,5,20,-2.0,-3.0,2.0,160.0,33.712,24.33,1285.33,22.0,1.0
55107,Winter,True,8.02,0.87,2,2,1.0,2.0,2.0,83.0,75.264,6.1,1457.5,23.0,3.0
55107,Winter,True,8.22,12.28,2,9,-1.0,-2.0,2.0,166.0,75.264,22.21,1301.03,22.0,1.0
55107,Winter,True,7.88,4.02,3,3,0.0,3.0,2.0,151.0,71.736,12.82,1335.78,22.0,4.0
55107,Winter,True,10.63,7.52,4,20,0.0,-3.0,2.0,251.0,68.6,20.8,1294.5,22.0,1.0
55107,Winter,True,18.7,0.48,4,15,0.0,3.0,2.0,179.0,66.64,0.0,940.0,22.0,4.0
55107,Winter,True,21.4,0.13,4,13,0.0,-3.0,2.0,310.0,66.64,4.1,1242.0,22.0,1.0
55107,Winter,True,8.22,50.53,7,20,0.0,0.0,2.0,160.0,61.544,26.28,1364.04,22.0,1.0
55107,Winter,True,8.28,55.08,7,21,0.0,1.0,2.0,179.0,61.152,31.76,1407.79,22.0,2.0
55107,Winter,True,8.37,59.48,7,22,0.0,0.0,2.0,322.0,61.152,30.12,1377.62,22.0,2.0
55107,Winter,True,17.25,6.22,2,12,0.0,0.0,2.0,98.0,54.88,19.54,1248.17,22.0,3.0
55107,Winter,True,18.07,54.52,2,19,0.0,0.0,2.0,99.0,53.312,6.46,1143.63,22.0,3.0
55107,Winter,True,7.8,2.38,0,-1,0.0,-1.0,2.0,251.0,35.672,0.0,0.0,22.0,2.0
55107,Winter,True,7.92,8.82,0,0,2.0,3.0,2.0,355.0,35.672,0.99,426.37,24.0,5.0
55107,Winter,True,9.73,3.32,0,11,0.0,-4.0,2.0,45.0,34.496,6.39,1024.7,24.0,1.0
55107,Winter,True,7.92,0.98,12,16,0.0,0.0,2.0,110.0,64.68,4.2,1053.5,17.0,2.0
55107,Winter,True,19.47,1.38,6,14,0.0,0.0,2.0,67.0,58.8,22.18,1191.4,17.0,2.0
55107,Winter,True,19.7,15.38,4,18,0.0,0.0,2.0,253.0,58.016,23.48,1418.36,17.0,2.0
55107,Winter,False,14.38,0.1,11,14,5.0,0.0,2.0,249.0,54.488,0.0,1181.0,22.0,2.0
55107,Winter,False,17.35,2.45,29,24,0.0,0.0,2.0,245.0,52.92,0.0,384.75,22.0,2.0
55107,Winter,True,7.32,2.22,6,5,0.0,1.0,2.0,152.0,34.888,11.7,1469.17,22.0,3.0
55107,Winter,True,6.78,12.33,3,11,0.0,0.0,2.0,179.0,26.264,20.51,1214.79,22.0,3.0
55107,Winter,True,12.08,8.58,9,26,2.0,-2.0,2.0,359.0,54.096,19.72,1292.68,18.0,1.0
55107,Winter,True,21.43,15.98,5,17,-4.0,-2.0,2.0,230.0,49.392,49.31,1350.17,20.0,1.0
55107,Winter,True,22.12,56.8,7,21,0.0,0.0,2.0,271.0,43.12,71.35,1601.79,20.0,1.0
55107,Winter,True,22.3,68.1,5,20,3.0,0.0,2.0,201.0,62.72,60.64,1541.65,23.0,1.0
55107,Winter,True,22.6,0.25,7,8,0.0,2.0,2.0,17.0,48.608,0.0,1209.0,23.0,3.0
55107,Winter,True,12.45,0.63,14,32,-6.0,0.0,2.0,130.0,41.552,16.55,1639.0,17.0,3.0
55107,Winter,True,7.62,1.02,12,11,8.0,0.0,2.0,76.0,29.792,1.6,955.33,25.0,3.0
55107,Winter,False,20.05,0.23,16,18,11.0,0.0,2.0,176.0,19.992,0.0,1180.5,25.0,3.0
55107,Winter,False,20.28,13.57,13,22,0.0,0.0,2.0,253.0,18.816,28.73,1355.86,25.0,3.0
55107,Winter,False,17.98,2.13,12,14,-4.0,0.0,2.0,68.0,17.248,0.33,878.0,25.0,3.0
55107,Winter,False,18.12,9.53,11,18,-3.0,0.0,2.0,158.0,17.248,8.79,1143.57,22.0,3.0
55107,Winter,False,18.22,15.48,11,20,0.0,-2.0,2.0,78.0,17.248,9.75,1062.0,22.0,1.0
55107,Winter,False,18.47,30.53,11,20,0.0,0.0,2.0,94.0,79.184,46.94,1378.39,22.0,1.0
55107,Winter,True,21.75,1.77,9,11,0.0,,2.0,312.0,62.328,3.63,1194.5,22.0,3.0
55107,Winter,True,22.15,26.03,6,19,0.0,0.0,2.0,94.0,59.976,12.79,1272.96,22.0,3.0
55107,Winter,True,7.92,0.1,6,4,0.0,0.0,2.0,69.0,59.976,6.0,1325.0,22.0,3.0
55107,Winter,True,11.98,0.72,9,19,-5.0,0.0,2.0,123.0,56.84,13.3,1394.0,17.0,3.0
55107,Winter,True,19.32,1.28,11,15,7.0,-2.0,2.0,146.0,52.528,0.67,778.0,24.0,1.0
55107,Winter,True,7.35,0.45,7,5,0.0,0.0,2.0,251.0,52.136,3.6,1189.0,24.0,1.0
55107,Winter,True,17.9,138.13,13,27,-6.0,0.0,2.0,20.0,29.008,105.34,2149.84,18.0,1.0
55107,Winter,True,17.97,142.05,12,27,0.0,0.0,2.0,26.0,28.224,101.24,2067.06,18.0,1.0
55107,Winter,False,7.92,1.07,8,11,3.0,0.0,2.0,72.0,92.512,20.33,1229.0,21.0,1.0
55107,Winter,False,8.47,34.1,8,19,0.0,0.0,2.0,356.0,86.24,65.02,1474.44,21.0,1.0
55107,Winter,False,15.42,67.48,13,25,0.0,0.0,2.0,170.0,74.48,36.45,1408.57,21.0,1.0
55107,Winter,False,14.12,10.97,9,19,0.0,0.0,2.0,257.0,33.32,16.26,1031.45,21.0,1.0
55107,Winter,False,18.17,30.17,11,28,0.0,0.0,2.0,332.0,25.872,70.77,1604.09,21.0,1.0
55107,Winter,True,7.43,2.97,11,13,2.0,0.0,2.0,163.0,16.856,6.16,1074.11,23.0,1.0
55107,Winter,True,20.02,10.45,10,21,0.0,0.0,2.0,339.0,12.544,22.9,1242.67,23.0,1.0
55107,Spring,True,17.12,0.4,12,16,0.0,0.0,2.0,341.0,68.208,4.1,1020.0,23.0,1.0
55107,Spring,False,19.62,92.22,16,24,0.0,0.0,2.0,266.0,53.312,66.16,1457.96,23.0,1.0
55107,Spring,True,6.25,2.57,11,10,9.0,-4.0,2.0,346.0,75.264,2.76,1202.88,24.0,2.0
55107,Spring,True,6.33,8.05,11,14,-3.0,0.0,2.0,157.0,75.264,22.8,1371.33,21.0,2.0
55107,Spring,True,16.97,1.35,18,36,-5.0,0.0,2.0,336.0,59.192,7.84,1235.4,16.0,2.0
55107,Spring,True,17.27,18.85,19,30,0.0,0.0,2.0,294.0,57.232,79.91,1816.96,16.0,2.0
55107,Spring,False,10.48,11.35,26,31,0.0,3.0,2.0,84.0,58.016,21.13,1222.74,16.0,5.0
55107,Spring,False,10.53,14.08,26,30,0.0,-2.0,2.0,137.0,58.016,29.94,1315.0,16.0,3.0
55107,Spring,False,19.83,12.15,25,28,0.0,0.0,2.0,64.0,53.312,18.67,1307.63,16.0,3.0
55107,Spring,False,17.8,2.52,26,29,0.0,-2.0,2.0,159.0,53.312,18.71,1443.61,16.0,1.0
55107,Spring,False,17.88,7.98,26,29,0.0,0.0,2.0,158.0,53.312,18.85,1448.81,16.0,1.0
55107,Spring,False,18.12,22.0,26,28,3.0,0.0,2.0,180.0,52.92,7.1,1108.91,19.0,1.0
55107,Spring,False,18.92,69.22,24,25,0.0,0.0,2.0,158.0,50.176,51.27,1489.32,20.0,1.0
55107,Spring,False,19.02,75.12,24,26,0.0,1.0,2.0,240.0,49.784,59.86,1451.15,20.0,2.0
55107,Spring,False,19.1,80.33,23,26,0.0,0.0,2.0,63.0,49.0,30.51,1356.96,20.0,2.0
55107,Spring,True,10.5,10.68,21,34,-2.0,1.0,2.0,154.0,29.4,25.76,1328.62,18.0,2.0
55107,Spring,True,10.93,36.73,23,29,0.0,0.0,2.0,251.0,27.44,19.65,1255.74,18.0,2.0
55107,Spring,True,15.13,1.07,24,37,0.0,1.0,2.0,359.0,10.192,17.97,1428.33,18.0,3.0
55107,Spring,True,15.25,8.18,22,34,0.0,1.0,2.0,318.0,9.016,34.09,1365.38,20.0,3.0
55107,Spring,True,15.32,11.42,22,33,0.0,0.0,2.0,326.0,8.624,33.97,1342.58,20.0,3.0
55107,Spring,True,15.53,25.0,26,31,1.0,-2.0,2.0,314.0,38.416,92.99,1918.06,21.0,1.0
55107,Spring,True,16.3,70.48,26,28,0.0,0.0,2.0,331.0,29.008,82.07,1678.26,21.0,1.0
55107,Spring,True,12.3,5.1,19,31,0.0,1.0,2.0,286.0,16.464,28.49,1319.36,21.0,2.0
55107,Spring,True,17.07,1.2,20,28,0.0,0.0,2.0,211.0,14.504,9.17,1418.67,21.0,2.0
55107,Spring,False,10.13,0.63,17,28,0.0,0.0,2.0,159.0,12.152,37.75,1594.0,21.0,1.0
55107,Spring,False,17.48,1.32,24,27,1.0,0.0,2.0,357.0,83.496,8.03,1208.0,22.0,1.0
55107,Spring,False,17.53,4.43,22,27,2.0,0.0,2.0,159.0,83.104,19.85,1315.2,24.0,1.0
55107,Spring,True,18.72,50.4,22,29,-4.0,0.0,2.0,71.0,47.04,88.71,1944.42,20.0,1.0
55107,Spring,True,18.95,64.07,22,27,0.0,0.0,2.0,46.0,45.08,17.86,1313.27,20.0,1.0
55107,Spring,True,19.23,81.25,22,28,0.0,0.0,2.0,3.0,42.728,83.96,1758.68,20.0,1.0
55107,Spring,True,12.17,2.25,18,29,0.0,2.0,2.0,267.0,14.896,19.23,1414.5,20.0,3.0
55107,Spring,True,13.03,54.18,22,25,0.0,0.0,2.0,254.0,95.648,78.41,1620.52,20.0,3.0
55107,Spring,True,17.93,32.65,21,25,0.0,0.0,2.0,8.0,90.552,100.84,2091.84,20.0,3.0
55107,Spring,False,12.85,0.2,27,41,0.0,0.0,2.0,95.0,72.912,0.0,1126.0,20.0,3.0
55107,Spring,False,20.43,6.33,24,26,0.0,0.0,2.0,326.0,71.736,17.49,1191.7,20.0,3.0
55107,Spring,False,15.35,0.03,29,43,0.0,2.0,2.0,77.0,71.344,0.0,1306.0,20.0,5.0
55107,Spring,False,16.7,16.08,27,28,0.0,0.0,2.0,279.0,68.6,27.64,1239.68,20.0,5.0
55107,Spring,False,17.72,0.78,27,29,0.0,-4.0,2.0,140.0,68.208,0.0,828.5,20.0,1.0
55107,Spring,False,18.22,31.27,25,27,0.0,2.0,2.0,170.0,64.68,73.71,1638.0,20.0,3.0
55107,Spring,True,16.25,8.32,22,31,0.0,0.0,2.0,265.0,43.512,24.13,1349.18,20.0,3.0
55107,Spring,True,19.72,2.72,20,25,0.0,0.0,2.0,266.0,43.12,18.94,1496.29,20.0,3.0
55107,Spring,True,18.18,4.73,23,35,0.0,-2.0,2.0,157.0,40.768,7.81,1166.64,20.0,1.0
55107,Spring,True,18.43,19.78,23,32,0.0,0.0,2.0,156.0,40.376,18.22,1298.57,20.0,1.0
55107,Spring,False,9.45,0.42,29,36,0.0,3.0,2.0,264.0,34.888,0.5,1120.0,20.0,4.0
55107,Spring,False,14.47,15.67,32,34,0.0,0.0,2.0,248.0,31.36,55.06,1405.6,19.0,4.0
55107,Spring,False,15.43,9.4,32,34,1.0,-1.0,2.0,64.0,29.792,41.87,1412.45,20.0,3.0
55107,Spring,False,15.37,0.28,27,40,0.0,1.0,2.0,245.0,23.128,0.0,816.0,16.0,4.0
55107,Spring,False,15.57,12.47,27,34,2.0,-2.0,2.0,242.0,21.56,13.72,1228.61,17.0,2.0
55107,Spring,False,17.1,13.32,25,29,3.0,-1.0,2.0,166.0,17.248,20.24,1334.47,21.0,1.0
55107,Spring,False,17.27,24.13,24,28,2.0,0.0,2.0,75.0,17.248,60.45,1595.32,23.0,1.0
55107,Spring,True,10.6,0.25,22,30,-4.0,2.0,2.0,124.0,78.008,0.0,799.0,19.0,3.0
55107,Spring,True,18.95,3.32,22,24,0.0,0.0,2.0,0.0,76.048,24.53,1440.67,19.0,3.0
55107,Spring,False,10.32,2.75,21,36,0.0,6.0,2.0,105.0,70.952,7.07,1256.63,19.0,6.0
55107,Spring,False,10.52,14.98,21,32,0.0,0.0,2.0,142.0,70.56,20.76,1329.56,19.0,6.0
55107,Spring,False,11.9,11.83,21,32,0.0,-4.0,2.0,356.0,68.992,28.28,1378.31,19.0,2.0
55107,Spring,False,13.72,5.82,21,38,0.0,2.0,2.0,3.0,68.208,9.71,1076.8,19.0,4.0
55107,Spring,False,14.83,8.7,27,30,0.0,-2.0,2.0,328.0,65.072,22.9,1256.83,19.0,2.0
55107,Spring,False,18.9,26.35,25,31,0.0,0.0,2.0,187.0,54.096,86.51,1814.63,22.0,1.0
55107,Spring,False,19.95,89.47,23,30,0.0,0.0,2.0,246.0,51.744,42.18,1385.83,22.0,1.0
55107,Spring,False,20.0,92.7,24,29,0.0,0.0,2.0,342.0,51.744,49.21,1412.6,22.0,1.0
55107,Spring,False,13.9,0.3,20,43,-3.0,2.0,2.0,66.0,28.616,1.4,780.0,19.0,3.0
55107,Spring,True,17.28,0.45,22,23,2.0,-2.0,2.0,231.0,27.832,16.75,1187.0,21.0,1.0
55107,Spring,True,11.7,2.48,31,41,0.0,0.0,2.0,160.0,74.088,15.48,1480.67,21.0,4.0
55107,Spring,True,11.83,10.35,31,37,0.0,-2.0,2.0,87.0,73.696,20.13,1391.21,21.0,2.0
55107,Spring,True,13.68,3.12,32,41,0.0,-1.0,2.0,341.0,72.52,26.41,1332.6,21.0,1.0
55107,Spring,True,13.73,5.85,31,39,0.0,1.0,2.0,3.0,72.128,24.72,1272.0,21.0,2.0
55107,Spring,True,17.87,3.93,31,35,0.0,-1.0,2.0,157.0,70.952,18.77,1418.0,21.0,1.0
55107,Spring,True,17.9,6.23,30,34,0.0,1.0,2.0,147.0,70.952,22.45,1370.0,21.0,2.0
55107,Spring,True,18.15,20.75,29,30,0.0,-1.0,2.0,76.0,70.56,76.01,1693.24,21.0,1.0
55107,Spring,True,18.67,51.42,27,29,0.0,1.0,2.0,113.0,65.856,58.43,1454.0,21.0,2.0
55107,Spring,True,18.8,59.85,27,27,1.0,-1.0,2.0,249.0,64.288,21.52,1382.51,22.0,1.0
55107,Spring,True,17.47,7.63,24,28,0.0,0.0,2.0,351.0,52.92,11.77,1118.89,22.0,1.0
55107,Spring,False,16.43,0.05,30,43,-3.0,4.0,2.0,357.0,52.528,0.0,1229.0,19.0,5.0
55107,Spring,False,16.53,6.28,28,38,1.0,-3.0,2.0,142.0,52.528,20.64,1430.34,20.0,2.0
55107,Spring,False,16.65,13.3,27,36,0.0,1.0,2.0,143.0,52.528,28.85,1450.93,20.0,3.0
55107,Spring,False,16.85,25.12,26,33,-1.0,0.0,2.0,182.0,52.136,84.6,1787.21,19.0,3.0
55107,Spring,False,17.1,40.08,26,31,1.0,0.0,2.0,146.0,50.176,62.77,1585.24,20.0,1.0
55107,Spring,False,18.23,1.55,26,29,1.0,0.0,2.0,254.0,48.216,7.82,1080.5,21.0,1.0
55107,Spring,True,17.35,1.07,19,25,0.0,0.0,2.0,91.0,36.848,1.17,812.67,21.0,1.0
55107,Spring,True,7.82,78.38,24,29,0.0,0.0,2.0,133.0,27.832,87.91,1797.17,21.0,1.0
55107,Spring,True,8.1,94.92,25,29,0.0,1.0,2.0,76.0,23.52,23.72,1267.05,21.0,2.0
55107,Spring,True,8.22,102.65,25,28,0.0,0.0,2.0,186.0,23.128,12.45,1218.63,21.0,2.0
55107,Spring,True,17.58,12.18,26,33,0.0,0.0,2.0,328.0,20.776,33.38,1358.38,21.0,2.0
55107,Spring,True,17.63,15.53,26,33,0.0,-1.0,2.0,294.0,20.384,38.74,1437.26,21.0,1.0
55107,Spring,True,7.0,34.35,22,26,0.0,0.0,2.0,169.0,33.32,66.62,1459.23,21.0,1.0
55107,Spring,True,12.68,2.9,22,36,-1.0,2.0,2.0,89.0,28.616,12.71,1104.14,20.0,3.0
55107,Spring,True,14.57,5.18,27,37,-2.0,2.0,2.0,282.0,25.088,14.02,1154.0,18.0,5.0
55107,Spring,True,14.9,25.28,29,31,2.0,-3.0,2.0,261.0,22.736,91.66,1980.15,20.0,2.0
55107,Spring,True,17.02,18.67,27,27,0.0,-1.0,2.0,268.0,83.888,19.34,1378.04,20.0,1.0
55107,Spring,True,16.68,4.83,25,25,0.0,0.0,2.0,108.0,79.576,36.92,1423.1,20.0,1.0
55107,Spring,True,18.83,7.62,25,27,0.0,-1.0,2.0,0.0,78.4,32.4,1394.67,20.0,1.0
55107,Spring,True,21.68,1.2,25,27,0.0,0.0,2.0,339.0,77.616,3.17,977.0,20.0,1.0
55107,Spring,True,13.38,0.18,24,26,0.0,0.0,2.0,303.0,74.872,22.3,1983.0,20.0,1.0
55107,Spring,True,15.17,0.6,24,34,0.0,0.0,2.0,277.0,74.48,0.0,840.0,20.0,3.0
55107,Spring,True,17.88,1.53,25,30,0.0,0.0,2.0,351.0,73.304,13.95,1373.5,20.0,2.0
55107,Spring,False,18.0,9.68,22,27,0.0,0.0,2.0,267.0,72.52,7.75,1011.84,20.0,2.0
55107,Spring,False,20.65,15.1,22,26,0.0,0.0,2.0,200.0,71.736,17.95,1203.72,20.0,2.0
55107,Spring,False,18.25,23.82,27,29,1.0,0.0,2.0,82.0,70.56,70.65,1626.64,21.0,1.0
55107,Spring,False,18.57,42.47,26,28,2.0,0.0,2.0,90.0,67.424,75.89,1626.1,23.0,1.0
55107,Spring,False,19.07,72.58,24,28,0.0,0.0,2.0,338.0,65.072,36.85,1369.35,23.0,1.0
55107,Spring,False,19.17,79.17,25,29,0.0,0.0,2.0,248.0,64.68,57.6,1410.71,23.0,1.0
55107,Spring,False,19.73,112.68,25,28,0.0,0.0,2.0,340.0,59.584,33.6,1303.58,23.0,1.0
55107,Spring,True,13.8,4.37,21,25,0.0,0.0,2.0,219.0,52.92,11.01,1171.0,23.0,1.0
55107,Spring,True,7.42,6.35,22,23,-3.0,1.0,2.0,162.0,52.136,5.64,1036.56,20.0,2.0
55107,Spring,False,9.45,1.42,29,37,-3.0,2.0,2.0,86.0,49.784,11.83,1240.75,17.0,4.0
55107,Spring,False,9.82,23.32,27,31,5.0,-2.0,2.0,28.0,48.608,15.5,1370.33,22.0,2.0
55107,Spring,False,11.75,4.3,27,30,0.0,-1.0,2.0,269.0,43.512,1.38,926.33,22.0,1.0
55107,Spring,False,12.02,19.93,27,29,-3.0,3.0,2.0,276.0,43.512,0.06,881.06,19.0,4.0
55107,Spring,True,9.5,1.4,24,28,0.0,-2.0,2.0,20.0,28.224,12.55,1485.5,19.0,2.0
55107,Spring,True,13.43,0.35,23,29,0.0,-2.0,2.0,79.0,23.912,11.2,1723.0,19.0,0.0
55107,Spring,True,15.1,0.63,23,28,0.0,2.0,2.0,5.0,22.736,16.25,1413.0,19.0,2.0
55107,Spring,True,18.15,6.25,23,28,0.0,-1.0,2.0,277.0,21.168,15.21,1031.76,19.0,1.0
55107,Spring,True,17.57,2.1,26,35,0.0,0.0,2.0,264.0,19.6,21.53,1224.29,19.0,1.0
55107,Spring,True,17.65,7.4,26,35,0.0,0.0,2.0,0.0,19.208,16.3,1224.75,19.0,1.0
55107,Spring,True,17.7,10.75,26,34,0.0,0.0,2.0,359.0,18.816,18.83,1239.52,19.0,1.0
55107,Spring,True,17.93,23.93,26,33,0.0,1.0,2.0,76.0,18.424,1.95,814.5,19.0,2.0
55107,Spring,True,17.98,27.07,26,33,0.0,0.0,2.0,237.0,18.424,13.45,1210.38,19.0,2.0
55107,Summer,True,7.38,3.1,24,26,2.0,-1.0,2.0,97.0,97.608,26.05,1409.55,21.0,1.0
55107,Summer,True,7.55,12.32,24,25,0.0,0.0,2.0,132.0,96.432,16.29,1169.03,21.0,1.0
55107,Summer,False,12.97,0.27,26,31,0.0,2.0,2.0,177.0,95.648,0.0,1131.0,21.0,3.0
55107,Summer,False,17.32,7.15,26,29,0.0,0.0,2.0,92.0,93.296,16.36,1275.85,21.0,3.0
55107,Summer,False,17.78,2.7,25,27,0.0,-2.0,2.0,161.0,92.12,9.57,1200.71,21.0,1.0
55107,Summer,False,19.6,111.22,24,29,0.0,0.0,2.0,3.0,81.144,79.39,1710.42,21.0,1.0
55107,Summer,True,7.48,0.62,25,25,0.0,0.0,2.0,75.0,79.576,6.3,1563.5,21.0,1.0
55107,Summer,True,6.7,6.35,23,24,0.0,0.0,2.0,177.0,75.264,20.45,1385.32,21.0,1.0
55107,Summer,True,7.87,76.08,22,30,0.0,0.0,2.0,132.0,62.328,77.4,1620.91,21.0,1.0
55107,Summer,True,13.13,15.1,26,35,0.0,3.0,2.0,148.0,58.016,12.56,1133.6,21.0,4.0
55107,Summer,True,17.17,11.95,25,33,0.0,-3.0,2.0,325.0,57.232,27.12,1360.6,21.0,1.0
55107,Summer,True,7.18,1.73,27,28,0.0,1.0,2.0,84.0,41.944,4.44,1182.6,21.0,2.0
55107,Summer,True,9.77,15.0,28,28,0.0,2.0,2.0,225.0,37.632,12.08,1349.17,21.0,4.0
55107,Summer,True,10.38,5.88,28,28,0.0,-2.0,2.0,44.0,37.632,7.03,1120.25,21.0,2.0
55107,Summer,False,9.22,4.35,28,29,-3.0,0.0,2.0,349.0,96.824,7.76,1248.0,18.0,2.0
55107,Summer,False,9.42,16.48,28,29,0.0,1.0,2.0,338.0,94.864,79.79,1841.55,23.0,2.0
55107,Summer,False,9.8,39.07,28,29,-2.0,0.0,2.0,329.0,93.296,42.75,1400.44,21.0,2.0
55107,Summer,False,10.28,67.77,28,27,1.0,0.0,2.0,289.0,90.16,95.34,1957.56,22.0,2.0
55107,Summer,False,16.92,2.0,26,29,0.0,-1.0,2.0,359.0,73.304,11.95,1329.0,22.0,1.0
55107,Summer,False,8.83,35.65,23,27,0.0,0.0,2.0,274.0,66.64,56.25,1413.6,22.0,1.0
55107,Summer,False,15.13,101.35,30,28,0.0,0.0,2.0,121.0,40.768,87.75,1860.45,22.0,1.0
55107,Summer,False,17.0,213.73,31,28,-2.0,1.0,,,,,,20.0,2.0
55107,Summer,False,19.43,21.95,31,26,3.0,3.0,2.0,68.0,78.4,10.47,1051.52,23.0,5.0
55107,Summer,False,19.48,24.92,31,26,-2.0,-4.0,2.0,336.0,77.616,30.79,1296.21,21.0,1.0
55107,Summer,True,9.05,8.22,31,32,0.0,0.0,2.0,205.0,70.168,17.23,1299.91,20.0,4.0
55107,Summer,True,16.03,0.27,31,45,0.0,-1.0,2.0,12.0,70.168,0.0,793.0,20.0,3.0
55107,Summer,True,17.68,14.92,31,34,0.0,0.0,2.0,55.0,68.208,25.17,1329.43,20.0,3.0
55107,Summer,False,7.35,2.28,31,32,-3.0,-1.0,2.0,90.0,67.424,8.25,1218.83,17.0,2.0
55107,Summer,False,18.83,10.18,32,33,4.0,-1.0,2.0,168.0,62.328,13.54,1199.59,21.0,1.0
55107,Summer,True,7.15,1.08,31,30,-4.0,1.0,2.0,81.0,60.76,3.13,1011.33,17.0,2.0
55107,Summer,True,7.28,9.67,31,29,3.0,-1.0,2.0,177.0,59.584,21.15,1196.0,20.0,1.0
55107,Summer,True,7.18,0.05,36,32,0.0,6.0,2.0,166.0,56.84,0.0,893.0,20.0,7.0
55107,Summer,True,16.9,3.15,36,42,0.0,-1.0,2.0,145.0,55.664,40.31,1479.1,16.0,1.0
55107,Summer,True,16.97,6.77,36,41,0.0,0.0,2.0,41.0,54.88,37.04,1411.12,16.0,1.0
55107,Summer,True,20.43,5.58,33,35,2.0,0.0,2.0,344.0,54.096,37.75,1370.26,18.0,1.0
55107,Summer,True,7.7,12.42,34,29,0.0,1.0,2.0,180.0,53.312,17.18,1270.72,18.0,2.0
55107,Summer,False,10.37,13.2,35,34,0.0,1.0,2.0,88.0,51.352,3.22,973.85,18.0,3.0
55107,Summer,False,10.95,47.52,35,34,0.0,2.0,2.0,80.0,51.352,3.78,772.0,18.0,5.0
55107,Summer,False,11.13,59.1,35,31,0.0,-3.0,2.0,330.0,49.392,19.9,1358.24,18.0,2.0
55107,Summer,False,18.02,0.35,42,37,2.0,0.0,2.0,356.0,47.432,7.6,1215.0,20.0,2.0
55107,Summer,True,15.23,2.95,39,51,-2.0,1.0,2.0,351.0,43.904,11.34,1337.27,18.0,6.0
55107,Summer,True,7.17,1.02,32,31,0.0,3.0,2.0,20.0,40.768,8.15,1024.0,18.0,4.0
55107,Summer,True,7.22,4.58,31,30,0.0,-2.0,2.0,158.0,40.768,19.09,1269.0,18.0,2.0
55107,Summer,True,18.62,4.03,32,35,0.0,-1.0,2.0,354.0,38.808,19.77,1284.29,18.0,1.0
55107,Summer,True,17.83,11.67,39,38,0.0,2.0,2.0,359.0,35.28,8.1,1121.28,18.0,3.0
55107,Summer,True,7.72,0.15,37,36,0.0,2.0,2.0,218.0,34.496,4.0,892.0,18.0,5.0
55107,Summer,True,17.18,0.2,39,48,0.0,2.0,2.0,304.0,32.928,0.8,837.0,18.0,7.0
55107,Summer,True,17.25,3.68,39,43,0.0,-5.0,2.0,352.0,32.144,23.01,1269.64,18.0,2.0
55107,Summer,True,17.68,30.27,39,33,0.0,-1.0,2.0,86.0,29.792,44.2,1343.43,18.0,2.0
55107,Summer,True,7.03,0.1,37,34,0.0,2.0,2.0,97.0,27.048,6.0,905.0,18.0,4.0
55107,Summer,False,7.4,13.73,34,32,11.0,-1.0,2.0,181.0,22.736,21.66,1152.89,25.0,1.0
55107,Summer,True,7.35,4.52,35,33,0.0,-2.0,2.0,158.0,19.992,22.39,1264.78,18.0,2.0
55107,Summer,True,15.6,3.18,41,50,0.0,5.0,2.0,133.0,18.816,34.98,1370.17,18.0,7.0
55107,Summer,True,20.28,10.63,36,32,0.0,-6.0,2.0,304.0,16.072,17.91,1214.06,18.0,1.0
55107,Summer,True,6.95,2.65,33,32,0.0,1.0,2.0,86.0,15.68,2.85,1105.0,18.0,2.0
55107,Summer,True,7.1,10.77,31,30,1.0,-1.0,2.0,178.0,14.896,19.98,1222.53,19.0,1.0
55107,Summer,False,8.13,1.97,33,33,1.0,1.0,2.0,75.0,75.264,8.83,1234.33,20.0,2.0
55107,Summer,False,9.12,60.57,32,27,2.0,-1.0,2.0,72.0,71.736,21.49,1221.52,22.0,1.0
55107,Summer,False,9.18,65.28,32,28,-1.0,0.0,2.0,72.0,71.736,15.38,1172.85,21.0,1.0
55107,Summer,False,10.08,118.85,33,30,-2.0,1.0,2.0,150.0,69.384,1.27,917.0,19.0,2.0
55107,Summer,False,10.95,10.88,33,30,0.0,-1.0,2.0,338.0,67.816,17.69,1304.81,19.0,1.0
55107,Summer,False,11.02,14.4,32,30,2.0,0.0,2.0,337.0,67.424,25.3,1309.15,21.0,1.0
55107,Summer,False,11.18,24.37,32,29,-1.0,1.0,2.0,332.0,66.64,47.07,1405.1,20.0,3.0
55107,Summer,False,11.77,60.0,32,25,0.0,-2.0,2.0,316.0,61.936,83.1,1762.69,20.0,1.0
55107,Summer,False,14.3,33.98,30,30,2.0,-2.0,2.0,122.0,56.84,44.24,1380.28,18.0,1.0
55107,Summer,False,14.55,49.35,27,28,4.0,0.0,2.0,296.0,54.096,23.95,1335.0,22.0,1.0
55107,Summer,False,14.97,1.25,27,29,0.0,0.0,2.0,61.0,53.704,22.3,1231.33,22.0,1.0
55107,Summer,False,10.85,24.58,35,32,0.0,4.0,2.0,94.0,50.96,8.82,1104.34,19.0,5.0
55107,Summer,False,11.0,33.68,36,32,0.0,-4.0,2.0,3.0,50.568,31.82,1334.3,19.0,1.0
55107,Summer,False,11.73,0.07,35,34,0.0,4.0,2.0,68.0,50.176,4.2,1123.0,19.0,5.0
55107,Summer,False,14.4,2.4,35,40,-1.0,3.0,2.0,297.0,47.824,15.43,1171.86,19.0,5.0
55107,Summer,False,18.67,0.83,34,35,0.0,-3.0,2.0,194.0,45.864,12.93,1325.43,19.0,2.0
55107,Summer,False,18.72,4.02,32,34,3.0,0.0,2.0,158.0,45.472,14.91,1335.56,22.0,2.0
55107,Summer,False,18.97,18.57,31,29,0.0,0.0,2.0,341.0,44.296,9.24,1067.52,22.0,2.0
55107,Summer,True,11.55,6.23,33,33,0.0,2.0,2.0,87.0,41.552,0.52,879.21,22.0,4.0
55107,Summer,True,11.6,8.62,33,33,0.0,0.0,2.0,87.0,41.552,0.38,878.26,22.0,4.0
55107,Summer,True,19.52,15.17,31,28,0.0,0.0,2.0,269.0,39.984,21.61,1310.97,22.0,4.0
55107,Summer,True,15.42,13.33,41,40,0.0,2.0,2.0,132.0,36.064,15.22,1122.77,22.0,6.0
55107,Summer,True,18.55,0.53,35,39,0.0,-3.0,2.0,122.0,34.888,15.9,1476.0,22.0,3.0
55107,Summer,True,10.13,2.45,40,39,-5.0,2.0,2.0,313.0,29.4,9.83,1089.43,17.0,3.0
55107,Summer,False,12.87,0.1,34,32,1.0,1.0,2.0,113.0,27.048,10.8,1680.0,20.0,2.0
55107,Summer,False,7.02,3.75,31,27,0.0,-1.0,2.0,71.0,23.52,21.53,1361.44,20.0,1.0
55107,Summer,False,17.22,0.05,35,37,0.0,2.0,2.0,242.0,22.736,0.0,878.0,20.0,5.0
55107,Summer,False,17.4,10.38,35,30,0.0,-2.0,2.0,62.0,22.344,13.91,1253.37,20.0,3.0
55107,Summer,True,7.63,0.5,33,33,-5.0,0.0,2.0,96.0,17.248,5.95,1214.5,16.0,3.0
55107,Summer,True,7.72,5.42,33,31,0.0,-1.0,2.0,158.0,16.856,16.31,1443.25,16.0,2.0
55107,Summer,True,18.47,3.17,28,31,4.0,0.0,2.0,7.0,15.68,8.19,1080.57,19.0,2.0
55107,Summer,True,18.75,19.85,26,31,0.0,-1.0,2.0,351.0,78.792,19.04,1089.0,19.0,1.0
55107,Summer,True,19.47,6.17,26,29,3.0,0.0,2.0,265.0,75.264,15.26,1230.57,22.0,1.0
55107,Summer,True,19.48,2.82,28,28,2.0,-1.0,2.0,292.0,71.344,16.48,1280.67,24.0,1.0
55107,Summer,True,7.73,0.32,29,29,-3.0,0.0,2.0,44.0,69.776,4.9,1205.0,21.0,1.0
55107,Summer,True,17.35,10.83,31,29,2.0,0.0,2.0,331.0,67.424,14.62,1127.89,23.0,1.0
55107,Summer,True,21.4,23.22,31,29,0.0,0.0,2.0,156.0,62.72,31.17,1345.39,21.0,1.0
55107,Summer,True,21.45,26.27,30,29,0.0,0.0,2.0,217.0,62.72,32.08,1390.29,21.0,1.0
55107,Summer,True,7.27,5.88,31,29,0.0,-2.0,2.0,149.0,60.368,24.0,1280.26,21.0,2.0
55107,Summer,True,7.53,21.92,31,28,0.0,2.0,2.0,120.0,58.8,15.38,1248.75,21.0,4.0
55107,Summer,True,19.53,4.43,32,33,1.0,0.0,2.0,356.0,58.016,28.57,1273.55,22.0,4.0
55107,Summer,True,19.57,6.52,32,33,0.0,-3.0,2.0,355.0,57.624,23.13,1186.8,22.0,1.0
55107,Summer,True,21.3,11.82,32,30,0.0,-3.0,2.0,70.0,56.056,32.5,1312.28,18.0,1.0
55107,Summer,False,18.73,20.13,29,27,4.0,0.0,2.0,42.0,52.528,34.6,1250.46,22.0,1.0
55107,Summer,False,7.4,5.82,29,29,-1.0,1.0,2.0,157.0,49.0,17.2,1195.33,21.0,2.0
55107,Summer,True,16.78,27.7,36,29,-2.0,0.0,2.0,141.0,48.216,3.41,1003.0,19.0,2.0
55107,Summer,True,18.82,17.6,30,28,10.0,0.0,2.0,271.0,95.256,9.27,1172.86,25.0,2.0
55107,Summer,True,7.6,3.02,29,28,-9.0,0.0,2.0,157.0,94.472,18.95,1303.18,20.0,2.0
55107,Summer,True,7.63,5.12,29,28,0.0,-1.0,2.0,156.0,94.08,16.02,1218.19,20.0,1.0
55107,Summer,True,20.47,2.2,30,30,0.0,0.0,2.0,88.0,90.944,16.16,1121.8,20.0,1.0
55107,Summer,True,20.53,6.05,30,29,1.0,0.0,2.0,61.0,90.16,24.06,1148.18,21.0,1.0
55107,Summer,True,16.4,1.37,31,30,2.0,0.0,2.0,97.0,86.24,19.88,1443.25,23.0,1.0
55107,Summer,True,16.43,3.68,31,30,0.0,0.0,2.0,349.0,86.24,10.24,1162.88,23.0,1.0
55107,Summer,True,16.48,6.98,31,30,0.0,0.0,2.0,358.0,86.24,5.89,1023.6,23.0,1.0
55107,Summer,False,19.12,8.88,29,30,0.0,0.0,2.0,3.0,81.536,11.62,1077.62,25.0,1.0
55107,Summer,True,7.33,0.33,29,30,-4.0,2.0,2.0,118.0,80.36,4.35,1172.5,21.0,3.0
55107,Summer,True,7.38,3.37,29,29,0.0,-1.0,2.0,158.0,79.968,18.07,1271.4,21.0,2.0
55107,Summer,True,12.05,8.57,29,30,0.0,0.0,2.0,76.0,77.616,18.99,1225.04,21.0,2.0
55107,Summer,True,19.27,29.52,26,27,0.0,0.0,2.0,291.0,73.696,36.73,1449.61,21.0,2.0
55107,Summer,True,6.88,0.5,26,26,0.0,0.0,2.0,358.0,72.912,7.2,1304.5,21.0,2.0
55107,Summer,True,14.3,1.7,26,30,0.0,-1.0,2.0,264.0,68.992,10.39,1188.5,21.0,1.0
55107,Summer,True,16.92,3.47,26,30,0.0,0.0,2.0,132.0,67.424,49.38,1465.44,21.0,1.0
